group,model,subject,bic
15,error-scale-two-state,1,-395.70034423827775
15,retention-scale-two-state,1,-422.0751588863337
15,bias-scale-two-state,1,-422.3951129155795
15,x-aim-scale-two-state,1,-431.06062942591154
15,y-aim-scale-two-state,1,-431.06375906566757
15,error-scale-one-state,1,-73.28939731845736
15,retention-scale-one-state,1,-66.14530648345854
15,bias-scale-one-state,1,-270.5181580438706
15,x-aim-scale-one-state,1,-297.25683579403454
15,y-aim-scale-one-state,1,-297.23830011706985
15,error-scale-two-state-non-neg,1,-385.9573448209047
15,retention-scale-two-state-non-neg,1,-410.3906153382757
15,bias-scale-two-state-non-neg,1,-416.2982817082683
15,x-aim-scale-two-state-non-neg,1,-409.0379780258421
15,y-aim-scale-two-state-non-neg,1,-409.0581333634001
15,error-scale-two-state,2,-400.2351743089172
15,retention-scale-two-state,2,-447.7619163314537
15,bias-scale-two-state,2,-446.8421236592428
15,x-aim-scale-two-state,2,-454.3483956011453
15,y-aim-scale-two-state,2,-447.0322257366454
15,error-scale-one-state,2,-78.14999793378152
15,retention-scale-one-state,2,-70.53645743743363
15,bias-scale-one-state,2,-307.2850287689291
15,x-aim-scale-one-state,2,-339.61366021531376
15,y-aim-scale-one-state,2,-339.6504899193738
15,error-scale-two-state-non-neg,2,-395.46090206482495
15,retention-scale-two-state-non-neg,2,-382.10968166065084
15,bias-scale-two-state-non-neg,2,-440.23208241484633
15,x-aim-scale-two-state-non-neg,2,-435.74301825514783
15,y-aim-scale-two-state-non-neg,2,-435.721922148875
15,error-scale-two-state,3,-410.143244936569
15,retention-scale-two-state,3,-458.6180709326817
15,bias-scale-two-state,3,-457.4333827058704
15,x-aim-scale-two-state,3,-459.8468627618935
15,y-aim-scale-two-state,3,-459.77573933421206
15,error-scale-one-state,3,-93.80497750407537
15,retention-scale-one-state,3,-82.23986891365709
15,bias-scale-one-state,3,-331.8843188360962
15,x-aim-scale-one-state,3,-363.06461075216635
15,y-aim-scale-one-state,3,-362.9871818272378
15,error-scale-two-state-non-neg,3,-407.1177984371467
15,retention-scale-two-state-non-neg,3,-445.2796503998612
15,bias-scale-two-state-non-neg,3,-447.9800748982776
15,x-aim-scale-two-state-non-neg,3,-441.35294924354673
15,y-aim-scale-two-state-non-neg,3,-441.4317917751181
15,error-scale-two-state,4,-430.15064311747085
15,retention-scale-two-state,4,-466.68182832441903
15,bias-scale-two-state,4,-466.3763227863975
15,x-aim-scale-two-state,4,-467.0872095889765
15,y-aim-scale-two-state,4,-467.1338739900274
15,error-scale-one-state,4,-101.16380576018565
15,retention-scale-one-state,4,-91.75609748815896
15,bias-scale-one-state,4,-322.95514845079754
15,x-aim-scale-one-state,4,-349.9060212625695
15,y-aim-scale-one-state,4,-349.8005736561133
15,error-scale-two-state-non-neg,4,-421.0447715861651
15,retention-scale-two-state-non-neg,4,-396.0456842693311
15,bias-scale-two-state-non-neg,4,-464.05495437693446
15,x-aim-scale-two-state-non-neg,4,-434.60740514958025
15,y-aim-scale-two-state-non-neg,4,-434.45484889647616
15,error-scale-two-state,5,-417.78474632570146
15,retention-scale-two-state,5,-485.8677011412635
15,bias-scale-two-state,5,-471.1129975432632
15,x-aim-scale-two-state,5,-485.4729123172615
15,y-aim-scale-two-state,5,-485.4992548379172
15,error-scale-one-state,5,-93.81317463930483
15,retention-scale-one-state,5,-82.00360437041994
15,bias-scale-one-state,5,-321.51624384378476
15,x-aim-scale-one-state,5,-350.300097694697
15,y-aim-scale-one-state,5,-350.2791425979806
15,error-scale-two-state-non-neg,5,-412.8117513626721
15,retention-scale-two-state-non-neg,5,-419.79010828642686
15,bias-scale-two-state-non-neg,5,-470.6019903164938
15,x-aim-scale-two-state-non-neg,5,-445.84789550111395
15,y-aim-scale-two-state-non-neg,5,-443.05972179258663
15,error-scale-two-state,6,-410.1634586178704
15,retention-scale-two-state,6,-453.34482736205064
15,bias-scale-two-state,6,-451.28579736730535
15,x-aim-scale-two-state,6,-452.92455755634387
15,y-aim-scale-two-state,6,-452.9368279421345
15,error-scale-one-state,6,-92.64427185686682
15,retention-scale-one-state,6,-81.73660570636272
15,bias-scale-one-state,6,-307.84727381960624
15,x-aim-scale-one-state,6,-335.6669822154025
15,y-aim-scale-one-state,6,-335.6148523097953
15,error-scale-two-state-non-neg,6,-404.485768304557
15,retention-scale-two-state-non-neg,6,-439.090171042503
15,bias-scale-two-state-non-neg,6,-439.74091335718947
15,x-aim-scale-two-state-non-neg,6,-427.15310522946754
15,y-aim-scale-two-state-non-neg,6,-427.1785488926846
15,error-scale-two-state,7,-412.83972058522806
15,retention-scale-two-state,7,-468.7133527495448
15,bias-scale-two-state,7,-469.63913147811104
15,x-aim-scale-two-state,7,-457.9183288595426
15,y-aim-scale-two-state,7,-457.89467536588256
15,error-scale-one-state,7,-80.37010026939893
15,retention-scale-one-state,7,-71.27381293996328
15,bias-scale-one-state,7,-285.4912825571198
15,x-aim-scale-one-state,7,-309.8901577348153
15,y-aim-scale-one-state,7,-309.94697978475875
15,error-scale-two-state-non-neg,7,-391.6066123583785
15,retention-scale-two-state-non-neg,7,-455.2642019273511
15,bias-scale-two-state-non-neg,7,-461.2302570161603
15,x-aim-scale-two-state-non-neg,7,-434.3645660538667
15,y-aim-scale-two-state-non-neg,7,-434.36777808185684
15,error-scale-two-state,8,-393.31367238595004
15,retention-scale-two-state,8,-437.1134236737372
15,bias-scale-two-state,8,-431.41595241723974
15,x-aim-scale-two-state,8,-441.7859491487359
15,y-aim-scale-two-state,8,-441.96112487035623
15,error-scale-one-state,8,-93.27607932152324
15,retention-scale-one-state,8,-82.4097843959978
15,bias-scale-one-state,8,-313.5135434626627
15,x-aim-scale-one-state,8,-336.4728105283893
15,y-aim-scale-one-state,8,-336.51257195263713
15,error-scale-two-state-non-neg,8,-390.23211600896593
15,retention-scale-two-state-non-neg,8,-426.06480807770004
15,bias-scale-two-state-non-neg,8,-420.2671644393339
15,x-aim-scale-two-state-non-neg,8,-408.8594773248443
15,y-aim-scale-two-state-non-neg,8,-422.24454295967814
15,error-scale-two-state,9,-401.117163230956
15,retention-scale-two-state,9,-462.645925574946
15,bias-scale-two-state,9,-451.2573271720129
15,x-aim-scale-two-state,9,-474.1199550100748
15,y-aim-scale-two-state,9,-474.15724951544746
15,error-scale-one-state,9,-83.51476482576629
15,retention-scale-one-state,9,-75.52020286694594
15,bias-scale-one-state,9,-307.834028360254
15,x-aim-scale-one-state,9,-342.90227402665283
15,y-aim-scale-one-state,9,-342.8812611091511
15,error-scale-two-state-non-neg,9,-388.80620733248315
15,retention-scale-two-state-non-neg,9,-398.1626355907418
15,bias-scale-two-state-non-neg,9,-443.65182620971825
15,x-aim-scale-two-state-non-neg,9,-450.16833006341244
15,y-aim-scale-two-state-non-neg,9,-450.2360729857862
15,error-scale-two-state,10,-390.6550598344259
15,retention-scale-two-state,10,-439.2176004062263
15,bias-scale-two-state,10,-442.68909209884055
15,x-aim-scale-two-state,10,-432.51015733756674
15,y-aim-scale-two-state,10,-432.4723446738236
15,error-scale-one-state,10,-75.96455229395664
15,retention-scale-one-state,10,-70.17034157670713
15,bias-scale-one-state,10,-290.8416088377744
15,x-aim-scale-one-state,10,-316.80783720697593
15,y-aim-scale-one-state,10,-316.73499981791315
15,error-scale-two-state-non-neg,10,-379.27679472426126
15,retention-scale-two-state-non-neg,10,-423.5076010506772
15,bias-scale-two-state-non-neg,10,-432.98051549533955
15,x-aim-scale-two-state-non-neg,10,-411.89891117253705
15,y-aim-scale-two-state-non-neg,10,-412.0228729452796
15,error-scale-two-state,11,-382.6704065587246
15,retention-scale-two-state,11,-458.57701597367554
15,bias-scale-two-state,11,-456.2079843218884
15,x-aim-scale-two-state,11,-446.89542374883945
15,y-aim-scale-two-state,11,-446.9778599698285
15,error-scale-one-state,11,-85.85211490054093
15,retention-scale-one-state,11,-77.00037896297147
15,bias-scale-one-state,11,-298.89164078394083
15,x-aim-scale-one-state,11,-322.31914834787113
15,y-aim-scale-one-state,11,-322.3949110398252
15,error-scale-two-state-non-neg,11,-362.6620874121232
15,retention-scale-two-state-non-neg,11,-439.77194239287496
15,bias-scale-two-state-non-neg,11,-449.33658794407154
15,x-aim-scale-two-state-non-neg,11,-401.8564827938511
15,y-aim-scale-two-state-non-neg,11,-401.82993018101774
15,error-scale-two-state,12,-442.9441407028089
15,retention-scale-two-state,12,-470.85982033681216
15,bias-scale-two-state,12,-456.6216363572015
15,x-aim-scale-two-state,12,-484.3298114373905
15,y-aim-scale-two-state,12,-484.32763358878367
15,error-scale-one-state,12,-98.7953160721166
15,retention-scale-one-state,12,-86.23529884723408
15,bias-scale-one-state,12,-299.7133173604275
15,x-aim-scale-one-state,12,-320.6293949777846
15,y-aim-scale-one-state,12,-320.6619971465374
15,error-scale-two-state-non-neg,12,-423.76316502648467
15,retention-scale-two-state-non-neg,12,-404.1135795037864
15,bias-scale-two-state-non-neg,12,-456.8366920144433
15,x-aim-scale-two-state-non-neg,12,-449.1421206219103
15,y-aim-scale-two-state-non-neg,12,-449.14806998762765
15,error-scale-two-state,13,-406.05093466932703
15,retention-scale-two-state,13,-452.61187453336777
15,bias-scale-two-state,13,-433.66967559085435
15,x-aim-scale-two-state,13,-459.8288933211586
15,y-aim-scale-two-state,13,-459.8869751374864
15,error-scale-one-state,13,-75.41019400387731
15,retention-scale-one-state,13,-68.16375982381021
15,bias-scale-one-state,13,-293.0447840490492
15,x-aim-scale-one-state,13,-322.4661356901224
15,y-aim-scale-one-state,13,-322.4992575592953
15,error-scale-two-state-non-neg,13,-408.1454569897158
15,retention-scale-two-state-non-neg,13,-414.1535450676889
15,bias-scale-two-state-non-neg,13,-440.22441306497467
15,x-aim-scale-two-state-non-neg,13,-426.96029324268534
15,y-aim-scale-two-state-non-neg,13,-426.5441045412497
15,error-scale-two-state,14,-416.49826234312525
15,retention-scale-two-state,14,-458.77634707508014
15,bias-scale-two-state,14,-459.3698128716752
15,x-aim-scale-two-state,14,-460.16846480265747
15,y-aim-scale-two-state,14,-460.1669200016928
15,error-scale-one-state,14,-75.87990160793515
15,retention-scale-one-state,14,-67.15326638053375
15,bias-scale-one-state,14,-304.1680039959715
15,x-aim-scale-one-state,14,-334.07424543788915
15,y-aim-scale-one-state,14,-334.0750272782466
15,error-scale-two-state-non-neg,14,-404.04872263465
15,retention-scale-two-state-non-neg,14,-448.5848739014991
15,bias-scale-two-state-non-neg,14,-457.69614532478056
15,x-aim-scale-two-state-non-neg,14,-423.2388864093764
15,y-aim-scale-two-state-non-neg,14,-429.2248300401758
15,error-scale-two-state,15,-403.84575900247467
15,retention-scale-two-state,15,-471.8957079028181
15,bias-scale-two-state,15,-467.7697976066918
15,x-aim-scale-two-state,15,-464.99381371001823
15,y-aim-scale-two-state,15,-464.9966386782462
15,error-scale-one-state,15,-78.08468599446581
15,retention-scale-one-state,15,-69.89310616387539
15,bias-scale-one-state,15,-308.2583038123688
15,x-aim-scale-one-state,15,-339.11468236781303
15,y-aim-scale-one-state,15,-339.1292778005661
15,error-scale-two-state-non-neg,15,-428.1951017701891
15,retention-scale-two-state-non-neg,15,-398.32218358630837
15,bias-scale-two-state-non-neg,15,-459.86039761705865
15,x-aim-scale-two-state-non-neg,15,-440.79606501694377
15,y-aim-scale-two-state-non-neg,15,-440.7375773176997
15,error-scale-two-state,16,-438.8804082494886
15,retention-scale-two-state,16,-469.0333472736154
15,bias-scale-two-state,16,-475.18154118908205
15,x-aim-scale-two-state,16,-479.0158427190646
15,y-aim-scale-two-state,16,-479.02334708904357
15,error-scale-one-state,16,-94.33331877324122
15,retention-scale-one-state,16,-84.98709224464017
15,bias-scale-one-state,16,-326.5963196857058
15,x-aim-scale-one-state,16,-355.38733965527257
15,y-aim-scale-one-state,16,-355.40744354310056
15,error-scale-two-state-non-neg,16,-426.798364421855
15,retention-scale-two-state-non-neg,16,-459.27166125093333
15,bias-scale-two-state-non-neg,16,-472.4051450519388
15,x-aim-scale-two-state-non-neg,16,-454.1175778474991
15,y-aim-scale-two-state-non-neg,16,-454.1077440259422
15,error-scale-two-state,17,-421.79396184907466
15,retention-scale-two-state,17,-459.378259559213
15,bias-scale-two-state,17,-468.61452333143234
15,x-aim-scale-two-state,17,-462.92827749033563
15,y-aim-scale-two-state,17,-462.91273802584635
15,error-scale-one-state,17,-86.36361616418034
15,retention-scale-one-state,17,-77.22612638505254
15,bias-scale-one-state,17,-309.6731551284555
15,x-aim-scale-one-state,17,-338.10606817627513
15,y-aim-scale-one-state,17,-338.1722434367154
15,error-scale-two-state-non-neg,17,-415.1503625711142
15,retention-scale-two-state-non-neg,17,-456.01282801435684
15,bias-scale-two-state-non-neg,17,-459.5429871471172
15,x-aim-scale-two-state-non-neg,17,-429.87825797540665
15,y-aim-scale-two-state-non-neg,17,-429.72014396891825
15,error-scale-two-state,18,-420.8449093423484
15,retention-scale-two-state,18,-447.8807241073947
15,bias-scale-two-state,18,-446.28460069896823
15,x-aim-scale-two-state,18,-457.48670146406755
15,y-aim-scale-two-state,18,-457.51523846789496
15,error-scale-one-state,18,-97.11294092634375
15,retention-scale-one-state,18,-85.45899698673847
15,bias-scale-one-state,18,-301.58684627646915
15,x-aim-scale-one-state,18,-324.0093040286522
15,y-aim-scale-one-state,18,-323.98520793105837
15,error-scale-two-state-non-neg,18,-410.11865799984383
15,retention-scale-two-state-non-neg,18,-435.00670883423675
15,bias-scale-two-state-non-neg,18,-437.81616212101164
15,x-aim-scale-two-state-non-neg,18,-423.98038920518275
15,y-aim-scale-two-state-non-neg,18,-425.8704914244008
15,error-scale-two-state,19,-396.2325678520162
15,retention-scale-two-state,19,-449.5305890798362
15,bias-scale-two-state,19,-453.5125704108639
15,x-aim-scale-two-state,19,-450.9414669253613
15,y-aim-scale-two-state,19,-450.9375785226284
15,error-scale-one-state,19,-65.28511702171355
15,retention-scale-one-state,19,-57.129040021500145
15,bias-scale-one-state,19,-285.0682919998832
15,x-aim-scale-one-state,19,-317.664470963
15,y-aim-scale-one-state,19,-317.63980151670825
15,error-scale-two-state-non-neg,19,-397.80389201293065
15,retention-scale-two-state-non-neg,19,-435.6054382050702
15,bias-scale-two-state-non-neg,19,-442.1672653676276
15,x-aim-scale-two-state-non-neg,19,-413.3107668782121
15,y-aim-scale-two-state-non-neg,19,-413.3533875592009
15,error-scale-two-state,20,-405.7138131791914
15,retention-scale-two-state,20,-454.10040442859315
15,bias-scale-two-state,20,-456.38047092835154
15,x-aim-scale-two-state,20,-451.33126313603907
15,y-aim-scale-two-state,20,-451.3483625319275
15,error-scale-one-state,20,-81.48755272275375
15,retention-scale-one-state,20,-72.25824351645934
15,bias-scale-one-state,20,-298.4728481755949
15,x-aim-scale-one-state,20,-327.0230557529714
15,y-aim-scale-one-state,20,-326.9354979367988
15,error-scale-two-state-non-neg,20,-390.4111914459755
15,retention-scale-two-state-non-neg,20,-383.27483254475464
15,bias-scale-two-state-non-neg,20,-448.5850312142105
15,x-aim-scale-two-state-non-neg,20,-426.29531975223483
15,y-aim-scale-two-state-non-neg,20,-430.02791398855743
19,error-scale-two-state,1,-341.4806386207697
19,retention-scale-two-state,1,-381.42646957336717
19,bias-scale-two-state,1,-371.0586512989566
19,x-aim-scale-two-state,1,-395.46742816943413
19,y-aim-scale-two-state,1,-395.52773880016525
19,error-scale-one-state,1,-40.134692729944064
19,retention-scale-one-state,1,-31.06786475307368
19,bias-scale-one-state,1,-133.6644795769311
19,x-aim-scale-one-state,1,-151.41560151399102
19,y-aim-scale-one-state,1,-151.260325547293
19,error-scale-two-state-non-neg,1,-330.0338359217094
19,retention-scale-two-state-non-neg,1,-359.93379288139386
19,bias-scale-two-state-non-neg,1,-332.925226289515
19,x-aim-scale-two-state-non-neg,1,-359.34745966776006
19,y-aim-scale-two-state-non-neg,1,-359.38883253728443
19,error-scale-two-state,2,-360.751318394587
19,retention-scale-two-state,2,-409.9509631137072
19,bias-scale-two-state,2,-410.12886107274966
19,x-aim-scale-two-state,2,-416.54279718136627
19,y-aim-scale-two-state,2,-429.0210489902902
19,error-scale-one-state,2,-51.21419808294783
19,retention-scale-one-state,2,-43.97755535944319
19,bias-scale-one-state,2,-156.47255938076538
19,x-aim-scale-one-state,2,-177.11593997035249
19,y-aim-scale-one-state,2,-177.00314590078932
19,error-scale-two-state-non-neg,2,-336.9663187584423
19,retention-scale-two-state-non-neg,2,-334.95954845881073
19,bias-scale-two-state-non-neg,2,-380.19692616096074
19,x-aim-scale-two-state-non-neg,2,-395.5564449695272
19,y-aim-scale-two-state-non-neg,2,-395.51921568613795
19,error-scale-two-state,3,-338.72264313406873
19,retention-scale-two-state,3,-394.13054378014874
19,bias-scale-two-state,3,-382.5219570500639
19,x-aim-scale-two-state,3,-400.5596301430603
19,y-aim-scale-two-state,3,-400.59069684924316
19,error-scale-one-state,3,-52.54158520412639
19,retention-scale-one-state,3,-37.35093330919051
19,bias-scale-one-state,3,-149.32672699348916
19,x-aim-scale-one-state,3,-169.48390979231914
19,y-aim-scale-one-state,3,-169.80439230029293
19,error-scale-two-state-non-neg,3,-320.4908365302095
19,retention-scale-two-state-non-neg,3,-300.938719988434
19,bias-scale-two-state-non-neg,3,-358.1730943301915
19,x-aim-scale-two-state-non-neg,3,-378.20523405472625
19,y-aim-scale-two-state-non-neg,3,-378.089817693992
19,error-scale-two-state,4,-347.4584552627747
19,retention-scale-two-state,4,-396.93648805933066
19,bias-scale-two-state,4,-387.69361172286995
19,x-aim-scale-two-state,4,-399.8080921913469
19,y-aim-scale-two-state,4,-399.92268071302226
19,error-scale-one-state,4,-51.2430896519823
19,retention-scale-one-state,4,-41.24803676178492
19,bias-scale-one-state,4,-156.4622813409818
19,x-aim-scale-one-state,4,-175.1756892984355
19,y-aim-scale-one-state,4,-175.2439677434615
19,error-scale-two-state-non-neg,4,-325.69613002902736
19,retention-scale-two-state-non-neg,4,-307.4753337029863
19,bias-scale-two-state-non-neg,4,-381.46625656020194
19,x-aim-scale-two-state-non-neg,4,-379.5235765729386
19,y-aim-scale-two-state-non-neg,4,-379.38959830658484
19,error-scale-two-state,5,-378.0435687772428
19,retention-scale-two-state,5,-403.31333550239395
19,bias-scale-two-state,5,-381.56334788471963
19,x-aim-scale-two-state,5,-405.2209045562754
19,y-aim-scale-two-state,5,-396.84441299300477
19,error-scale-one-state,5,-51.0163988080441
19,retention-scale-one-state,5,-41.106430712925416
19,bias-scale-one-state,5,-144.75271629794784
19,x-aim-scale-one-state,5,-163.99188849984222
19,y-aim-scale-one-state,5,-163.92214894187453
19,error-scale-two-state-non-neg,5,-346.1785298328748
19,retention-scale-two-state-non-neg,5,-360.0231446603388
19,bias-scale-two-state-non-neg,5,-353.8945716306252
19,x-aim-scale-two-state-non-neg,5,-374.64869389249407
19,y-aim-scale-two-state-non-neg,5,-374.644504154714
19,error-scale-two-state,6,-361.0368457211233
19,retention-scale-two-state,6,-407.1845900702616
19,bias-scale-two-state,6,-394.5141724872857
19,x-aim-scale-two-state,6,-403.7606317792163
19,y-aim-scale-two-state,6,-416.347224805781
19,error-scale-one-state,6,-63.102603622931866
19,retention-scale-one-state,6,-52.55657465069683
19,bias-scale-one-state,6,-159.37578429582484
19,x-aim-scale-one-state,6,-177.66894352977698
19,y-aim-scale-one-state,6,-177.6197059549009
19,error-scale-two-state-non-neg,6,-341.96552321932376
19,retention-scale-two-state-non-neg,6,-342.8445215554178
19,bias-scale-two-state-non-neg,6,-377.78194553190946
19,x-aim-scale-two-state-non-neg,6,-402.667529506213
19,y-aim-scale-two-state-non-neg,6,-388.4600118691342
19,error-scale-two-state,7,-333.21817644310073
19,retention-scale-two-state,7,-397.4174112527002
19,bias-scale-two-state,7,-375.6084097198148
19,x-aim-scale-two-state,7,-399.3118582487024
19,y-aim-scale-two-state,7,-399.2515408588491
19,error-scale-one-state,7,-54.08915117469792
19,retention-scale-one-state,7,-45.025243834677326
19,bias-scale-one-state,7,-158.12666863938125
19,x-aim-scale-one-state,7,-176.9756724171745
19,y-aim-scale-one-state,7,-177.09360999876372
19,error-scale-two-state-non-neg,7,-352.349049411894
19,retention-scale-two-state-non-neg,7,-355.86739151114017
19,bias-scale-two-state-non-neg,7,-355.65311455482174
19,x-aim-scale-two-state-non-neg,7,-366.75227356590415
19,y-aim-scale-two-state-non-neg,7,-366.7395358906475
19,error-scale-two-state,8,-365.6105002592429
19,retention-scale-two-state,8,-417.1855374267143
19,bias-scale-two-state,8,-403.03783370510274
19,x-aim-scale-two-state,8,-421.660052720777
19,y-aim-scale-two-state,8,-421.54567983100515
19,error-scale-one-state,8,-61.82737672881211
19,retention-scale-one-state,8,-48.825638185608256
19,bias-scale-one-state,8,-159.16253015035903
19,x-aim-scale-one-state,8,-176.7196620424931
19,y-aim-scale-one-state,8,-176.82253206328193
19,error-scale-two-state-non-neg,8,-346.8244592116503
19,retention-scale-two-state-non-neg,8,-346.07144367198083
19,bias-scale-two-state-non-neg,8,-375.94626693143636
19,x-aim-scale-two-state-non-neg,8,-394.523742415239
19,y-aim-scale-two-state-non-neg,8,-394.5484319258692
19,error-scale-two-state,9,-358.60702077528066
19,retention-scale-two-state,9,-418.48476385452443
19,bias-scale-two-state,9,-405.9218241064764
19,x-aim-scale-two-state,9,-408.47201959354584
19,y-aim-scale-two-state,9,-408.4031376299416
19,error-scale-one-state,9,-50.728226478188475
19,retention-scale-one-state,9,-41.98733187242789
19,bias-scale-one-state,9,-159.92443312782083
19,x-aim-scale-one-state,9,-178.53664756191296
19,y-aim-scale-one-state,9,-178.5289479768752
19,error-scale-two-state-non-neg,9,-337.1982971188312
19,retention-scale-two-state-non-neg,9,-318.0223719451864
19,bias-scale-two-state-non-neg,9,-379.17421660408866
19,x-aim-scale-two-state-non-neg,9,-385.3421401458835
19,y-aim-scale-two-state-non-neg,9,-385.3129067218682
19,error-scale-two-state,10,-352.84990805939236
19,retention-scale-two-state,10,-424.1969961070322
19,bias-scale-two-state,10,-393.60450474963807
19,x-aim-scale-two-state,10,-406.0341985349571
19,y-aim-scale-two-state,10,-406.07034218344563
19,error-scale-one-state,10,-52.820797108027534
19,retention-scale-one-state,10,-41.90489568576267
19,bias-scale-one-state,10,-150.00288483245262
19,x-aim-scale-one-state,10,-168.30233863264056
19,y-aim-scale-one-state,10,-168.2948812701718
19,error-scale-two-state-non-neg,10,-332.80198313056434
19,retention-scale-two-state-non-neg,10,-378.8421456761951
19,bias-scale-two-state-non-neg,10,-366.24004848740293
19,x-aim-scale-two-state-non-neg,10,-382.59555819791206
19,y-aim-scale-two-state-non-neg,10,-384.04354759962166
19,error-scale-two-state,11,-345.3030489114326
19,retention-scale-two-state,11,-380.939670472731
19,bias-scale-two-state,11,-370.54077943016375
19,x-aim-scale-two-state,11,-393.59509743280387
19,y-aim-scale-two-state,11,-393.71246353942354
19,error-scale-one-state,11,-47.52014069275893
19,retention-scale-one-state,11,-35.897656315478756
19,bias-scale-one-state,11,-140.46349427197765
19,x-aim-scale-one-state,11,-157.9103448177272
19,y-aim-scale-one-state,11,-157.93850260430008
19,error-scale-two-state-non-neg,11,-319.3130584339055
19,retention-scale-two-state-non-neg,11,-353.67723490844855
19,bias-scale-two-state-non-neg,11,-342.5720481422674
19,x-aim-scale-two-state-non-neg,11,-365.8788806167321
19,y-aim-scale-two-state-non-neg,11,-366.0904828699162
19,error-scale-two-state,12,-349.06048737241423
19,retention-scale-two-state,12,-395.3050853756376
19,bias-scale-two-state,12,-382.31858464533474
19,x-aim-scale-two-state,12,-397.7808591376744
19,y-aim-scale-two-state,12,-397.7153157719017
19,error-scale-one-state,12,-53.80560659819014
19,retention-scale-one-state,12,-45.360576681287824
19,bias-scale-one-state,12,-155.2808160356837
19,x-aim-scale-one-state,12,-172.92408963720783
19,y-aim-scale-one-state,12,-172.96441705209025
19,error-scale-two-state-non-neg,12,-332.57368686209713
19,retention-scale-two-state-non-neg,12,-317.98117100401856
19,bias-scale-two-state-non-neg,12,-364.30955366785923
19,x-aim-scale-two-state-non-neg,12,-382.59338999253623
19,y-aim-scale-two-state-non-neg,12,-394.48633004501767
19,error-scale-two-state,13,-338.169452786351
19,retention-scale-two-state,13,-391.0274604067475
19,bias-scale-two-state,13,-376.99240346964064
19,x-aim-scale-two-state,13,-401.0081262067182
19,y-aim-scale-two-state,13,-400.9843600179531
19,error-scale-one-state,13,-51.42678539313451
19,retention-scale-one-state,13,-36.15615504416941
19,bias-scale-one-state,13,-145.24923029693318
19,x-aim-scale-one-state,13,-164.4758809140506
19,y-aim-scale-one-state,13,-164.44762342267603
19,error-scale-two-state-non-neg,13,-323.24951798026336
19,retention-scale-two-state-non-neg,13,-315.74887282472963
19,bias-scale-two-state-non-neg,13,-362.78478729603495
19,x-aim-scale-two-state-non-neg,13,-374.65067988861085
19,y-aim-scale-two-state-non-neg,13,-374.74160621069655
19,error-scale-two-state,14,-343.8313766144656
19,retention-scale-two-state,14,-380.7920688229615
19,bias-scale-two-state,14,-368.3638421991303
19,x-aim-scale-two-state,14,-386.637362443239
19,y-aim-scale-two-state,14,-386.6797498984439
19,error-scale-one-state,14,-61.255656700241644
19,retention-scale-one-state,14,-48.663665057326995
19,bias-scale-one-state,14,-154.47640815486122
19,x-aim-scale-one-state,14,-171.7401110490489
19,y-aim-scale-one-state,14,-171.68448580995482
19,error-scale-two-state-non-neg,14,-331.36088021790647
19,retention-scale-two-state-non-neg,14,-350.44096626074634
19,bias-scale-two-state-non-neg,14,-354.3902915954181
19,x-aim-scale-two-state-non-neg,14,-373.8075476734866
19,y-aim-scale-two-state-non-neg,14,-373.80440923340325
19,error-scale-two-state,15,-360.7924812989854
19,retention-scale-two-state,15,-409.7688951944805
19,bias-scale-two-state,15,-383.99703371637884
19,x-aim-scale-two-state,15,-399.89273908585926
19,y-aim-scale-two-state,15,-399.91031063845
19,error-scale-one-state,15,-52.17745235845936
19,retention-scale-one-state,15,-41.972489335481725
19,bias-scale-one-state,15,-141.635689928721
19,x-aim-scale-one-state,15,-158.54149156582088
19,y-aim-scale-one-state,15,-158.55706118023568
19,error-scale-two-state-non-neg,15,-335.8299265588319
19,retention-scale-two-state-non-neg,15,-314.3571044304661
19,bias-scale-two-state-non-neg,15,-355.2275507347154
19,x-aim-scale-two-state-non-neg,15,-372.09617911696614
19,y-aim-scale-two-state-non-neg,15,-372.091132874153
19,error-scale-two-state,16,-384.88796985693705
19,retention-scale-two-state,16,-410.568436428488
19,bias-scale-two-state,16,-392.07643354933305
19,x-aim-scale-two-state,16,-420.5914178417686
19,y-aim-scale-two-state,16,-411.5438130813159
19,error-scale-one-state,16,-45.98516900780629
19,retention-scale-one-state,16,-33.87646222530978
19,bias-scale-one-state,16,-140.88278693045893
19,x-aim-scale-one-state,16,-159.53570418484742
19,y-aim-scale-one-state,16,-159.67547417841604
19,error-scale-two-state-non-neg,16,-371.5721051996936
19,retention-scale-two-state-non-neg,16,-364.5105724499467
19,bias-scale-two-state-non-neg,16,-351.45970069485446
19,x-aim-scale-two-state-non-neg,16,-382.53378999993834
19,y-aim-scale-two-state-non-neg,16,-374.3591206737751
19,error-scale-two-state,17,-360.7071252575954
19,retention-scale-two-state,17,-404.7632811152652
19,bias-scale-two-state,17,-382.68957822970873
19,x-aim-scale-two-state,17,-406.0745683035616
19,y-aim-scale-two-state,17,-406.12823104835275
19,error-scale-one-state,17,-48.41934877369647
19,retention-scale-one-state,17,-35.89243399144388
19,bias-scale-one-state,17,-146.58625750851402
19,x-aim-scale-one-state,17,-165.30134494485515
19,y-aim-scale-one-state,17,-165.27522028108308
19,error-scale-two-state-non-neg,17,-332.8561713177913
19,retention-scale-two-state-non-neg,17,-371.2006583456914
19,bias-scale-two-state-non-neg,17,-352.36787711678517
19,x-aim-scale-two-state-non-neg,17,-377.6729931688717
19,y-aim-scale-two-state-non-neg,17,-377.76979969553224
19,error-scale-two-state,18,-331.5588009596053
19,retention-scale-two-state,18,-382.31013064301203
19,bias-scale-two-state,18,-366.5648689939879
19,x-aim-scale-two-state,18,-380.24288865109713
19,y-aim-scale-two-state,18,-388.3270088359409
19,error-scale-one-state,18,-55.261774650599335
19,retention-scale-one-state,18,-46.601087307319176
19,bias-scale-one-state,18,-146.31452612270348
19,x-aim-scale-one-state,18,-164.59792378855718
19,y-aim-scale-one-state,18,-164.5146335860029
19,error-scale-two-state-non-neg,18,-350.47281436521956
19,retention-scale-two-state-non-neg,18,-334.32482605450645
19,bias-scale-two-state-non-neg,18,-346.2937106222661
19,x-aim-scale-two-state-non-neg,18,-358.7722579421935
19,y-aim-scale-two-state-non-neg,18,-358.88179004350263
19,error-scale-two-state,19,-324.02726342087124
19,retention-scale-two-state,19,-372.6757085256562
19,bias-scale-two-state,19,-359.690137975128
19,x-aim-scale-two-state,19,-363.66869547667
19,y-aim-scale-two-state,19,-363.38270545977934
19,error-scale-one-state,19,-52.65930552377307
19,retention-scale-one-state,19,-43.04968175283567
19,bias-scale-one-state,19,-147.92179933639503
19,x-aim-scale-one-state,19,-166.22651909499007
19,y-aim-scale-one-state,19,-166.24090929284336
19,error-scale-two-state-non-neg,19,-315.61467719068855
19,retention-scale-two-state-non-neg,19,-307.26974391441
19,bias-scale-two-state-non-neg,19,-337.5798227723382
19,x-aim-scale-two-state-non-neg,19,-346.43984898597387
19,y-aim-scale-two-state-non-neg,19,-346.44731308206815
19,error-scale-two-state,20,-362.83838072022746
19,retention-scale-two-state,20,-402.61225720581376
19,bias-scale-two-state,20,-389.70999134114265
19,x-aim-scale-two-state,20,-415.45675643152094
19,y-aim-scale-two-state,20,-403.85410156818216
19,error-scale-one-state,20,-63.33168929214452
19,retention-scale-one-state,20,-50.85948421664696
19,bias-scale-one-state,20,-153.45808388096066
19,x-aim-scale-one-state,20,-172.47810400727366
19,y-aim-scale-one-state,20,-172.42919591995593
19,error-scale-two-state-non-neg,20,-339.3554597099923
19,retention-scale-two-state-non-neg,20,-323.8471249708493
19,bias-scale-two-state-non-neg,20,-372.36297695259947
19,x-aim-scale-two-state-non-neg,20,-384.832929311499
19,y-aim-scale-two-state-non-neg,20,-384.76023902109625
20,error-scale-two-state,1,-355.1067066505747
20,retention-scale-two-state,1,-333.17347506742976
20,bias-scale-two-state,1,-381.32600662759546
20,x-aim-scale-two-state,1,-397.51600005326
20,y-aim-scale-two-state,1,-397.47493415084216
20,error-scale-one-state,1,-119.24492960935396
20,retention-scale-one-state,1,-108.77224766259184
20,bias-scale-one-state,1,-186.05817594174576
20,x-aim-scale-one-state,1,-203.06304666212532
20,y-aim-scale-one-state,1,-202.9965557769558
20,error-scale-two-state-non-neg,1,-343.92434420759406
20,retention-scale-two-state-non-neg,1,-317.3898968448809
20,bias-scale-two-state-non-neg,1,-368.50094037966875
20,x-aim-scale-two-state-non-neg,1,-384.17779637140154
20,y-aim-scale-two-state-non-neg,1,-384.14724584372345
20,error-scale-two-state,2,-348.4686418872682
20,retention-scale-two-state,2,-332.8357076259551
20,bias-scale-two-state,2,-379.1054588413926
20,x-aim-scale-two-state,2,-394.99320284131613
20,y-aim-scale-two-state,2,-395.0251444637777
20,error-scale-one-state,2,-134.09430201510418
20,retention-scale-one-state,2,-123.72573082170587
20,bias-scale-one-state,2,-198.42689493513305
20,x-aim-scale-one-state,2,-215.2699851049536
20,y-aim-scale-one-state,2,-215.3237941338673
20,error-scale-two-state-non-neg,2,-336.8805456359996
20,retention-scale-two-state-non-neg,2,-317.07638408390676
20,bias-scale-two-state-non-neg,2,-365.6363602221113
20,x-aim-scale-two-state-non-neg,2,-380.56309087873285
20,y-aim-scale-two-state-non-neg,2,-380.5457319767585
20,error-scale-two-state,3,-329.4242962943101
20,retention-scale-two-state,3,-303.3039487327854
20,bias-scale-two-state,3,-356.1393223266076
20,x-aim-scale-two-state,3,-367.399470960537
20,y-aim-scale-two-state,3,-367.4664522576028
20,error-scale-one-state,3,-113.22411895871889
20,retention-scale-one-state,3,-104.74905487174706
20,bias-scale-one-state,3,-182.89785360724463
20,x-aim-scale-one-state,3,-199.62936413893982
20,y-aim-scale-one-state,3,-199.61183729770374
20,error-scale-two-state-non-neg,3,-316.23385464973035
20,retention-scale-two-state-non-neg,3,-293.79937957778066
20,bias-scale-two-state-non-neg,3,-340.6612276260005
20,x-aim-scale-two-state-non-neg,3,-354.715675744363
20,y-aim-scale-two-state-non-neg,3,-354.7368308162563
20,error-scale-two-state,4,-359.0838380704629
20,retention-scale-two-state,4,-344.3443386755352
20,bias-scale-two-state,4,-388.3946206949924
20,x-aim-scale-two-state,4,-406.526675616081
20,y-aim-scale-two-state,4,-406.46184878914096
20,error-scale-one-state,4,-135.5344963938708
20,retention-scale-one-state,4,-129.0371888279464
20,bias-scale-one-state,4,-216.65245349096674
20,x-aim-scale-one-state,4,-233.64366947879904
20,y-aim-scale-one-state,4,-233.6287115292044
20,error-scale-two-state-non-neg,4,-347.91539053475486
20,retention-scale-two-state-non-neg,4,-328.97570650868124
20,bias-scale-two-state-non-neg,4,-373.12953189427736
20,x-aim-scale-two-state-non-neg,4,-392.8610274330118
20,y-aim-scale-two-state-non-neg,4,-392.8433098749638
20,error-scale-two-state,5,-348.4182903246948
20,retention-scale-two-state,5,-329.42687100421176
20,bias-scale-two-state,5,-378.12601467439987
20,x-aim-scale-two-state,5,-391.1096344658491
20,y-aim-scale-two-state,5,-391.00578044876727
20,error-scale-one-state,5,-124.04140635355208
20,retention-scale-one-state,5,-115.8730182567389
20,bias-scale-one-state,5,-185.73052111543043
20,x-aim-scale-one-state,5,-202.64403537105187
20,y-aim-scale-one-state,5,-202.61435414766333
20,error-scale-two-state-non-neg,5,-341.03186650156334
20,retention-scale-two-state-non-neg,5,-323.5753253302835
20,bias-scale-two-state-non-neg,5,-368.30211616089326
20,x-aim-scale-two-state-non-neg,5,-380.8695001719368
20,y-aim-scale-two-state-non-neg,5,-380.9426371465137
20,error-scale-two-state,6,-348.6325215629396
20,retention-scale-two-state,6,-338.4002032250976
20,bias-scale-two-state,6,-365.0713854525945
20,x-aim-scale-two-state,6,-380.8569157434996
20,y-aim-scale-two-state,6,-380.7873877918022
20,error-scale-one-state,6,-118.015603291281
20,retention-scale-one-state,6,-112.95416120044683
20,bias-scale-one-state,6,-185.68905482082394
20,x-aim-scale-one-state,6,-202.53373442766934
20,y-aim-scale-one-state,6,-202.57533260080533
20,error-scale-two-state-non-neg,6,-340.1343309301873
20,retention-scale-two-state-non-neg,6,-328.32848750261854
20,bias-scale-two-state-non-neg,6,-356.296983052175
20,x-aim-scale-two-state-non-neg,6,-374.18373492947353
20,y-aim-scale-two-state-non-neg,6,-374.1635069402596
20,error-scale-two-state,7,-361.41938944786716
20,retention-scale-two-state,7,-336.5038005248751
20,bias-scale-two-state,7,-377.8419703681966
20,x-aim-scale-two-state,7,-397.3329634440462
20,y-aim-scale-two-state,7,-397.4208705793568
20,error-scale-one-state,7,-127.59616271985124
20,retention-scale-one-state,7,-116.57135970687924
20,bias-scale-one-state,7,-194.33709965348297
20,x-aim-scale-one-state,7,-211.22379507913416
20,y-aim-scale-one-state,7,-211.23441566313778
20,error-scale-two-state-non-neg,7,-354.6081000589367
20,retention-scale-two-state-non-neg,7,-330.77680071131033
20,bias-scale-two-state-non-neg,7,-368.9829964821178
20,x-aim-scale-two-state-non-neg,7,-389.22357559601085
20,y-aim-scale-two-state-non-neg,7,-389.2251967880412
20,error-scale-two-state,8,-318.3377212015074
20,retention-scale-two-state,8,-303.2570118496215
20,bias-scale-two-state,8,-342.1553306888024
20,x-aim-scale-two-state,8,-358.32624333316085
20,y-aim-scale-two-state,8,-358.3099435046463
20,error-scale-one-state,8,-106.15049884697768
20,retention-scale-one-state,8,-99.84636211980524
20,bias-scale-one-state,8,-167.47042961925888
20,x-aim-scale-one-state,8,-184.32357396749154
20,y-aim-scale-one-state,8,-184.36831386263395
20,error-scale-two-state-non-neg,8,-304.72143097202957
20,retention-scale-two-state-non-neg,8,-291.35170165215476
20,bias-scale-two-state-non-neg,8,-324.6877093634756
20,x-aim-scale-two-state-non-neg,8,-342.77617310139965
20,y-aim-scale-two-state-non-neg,8,-342.69901300681204
20,error-scale-two-state,9,-368.0871671344577
20,retention-scale-two-state,9,-353.0670243155876
20,bias-scale-two-state,9,-386.5232065000089
20,x-aim-scale-two-state,9,-401.2915778096675
20,y-aim-scale-two-state,9,-401.1749323260632
20,error-scale-one-state,9,-124.53109860110538
20,retention-scale-one-state,9,-117.65574534420668
20,bias-scale-one-state,9,-184.256821551177
20,x-aim-scale-one-state,9,-201.1779395980667
20,y-aim-scale-one-state,9,-201.1715247207179
20,error-scale-two-state-non-neg,9,-349.4943124211803
20,retention-scale-two-state-non-neg,9,-331.80320996753096
20,bias-scale-two-state-non-neg,9,-365.01550537072893
20,x-aim-scale-two-state-non-neg,9,-381.2486092302206
20,y-aim-scale-two-state-non-neg,9,-381.1694927260461
20,error-scale-two-state,10,-343.8082443046776
20,retention-scale-two-state,10,-322.92722480574525
20,bias-scale-two-state,10,-371.0968372624207
20,x-aim-scale-two-state,10,-384.9948942611528
20,y-aim-scale-two-state,10,-384.9779602958889
20,error-scale-one-state,10,-121.74050821959631
20,retention-scale-one-state,10,-114.81356213336414
20,bias-scale-one-state,10,-188.21555331960704
20,x-aim-scale-one-state,10,-205.00975088406085
20,y-aim-scale-one-state,10,-205.02883065818378
20,error-scale-two-state-non-neg,10,-330.14820643333536
20,retention-scale-two-state-non-neg,10,-311.6231288701513
20,bias-scale-two-state-non-neg,10,-354.66612518619166
20,x-aim-scale-two-state-non-neg,10,-370.1720926647523
20,y-aim-scale-two-state-non-neg,10,-370.15782309208953
20,error-scale-two-state,11,-344.06211031315655
20,retention-scale-two-state,11,-321.85200944464174
20,bias-scale-two-state,11,-365.62204292480465
20,x-aim-scale-two-state,11,-378.54477262371665
20,y-aim-scale-two-state,11,-378.620663442858
20,error-scale-one-state,11,-124.36180202073982
20,retention-scale-one-state,11,-116.73981477901754
20,bias-scale-one-state,11,-187.35018592999435
20,x-aim-scale-one-state,11,-204.17528479189735
20,y-aim-scale-one-state,11,-204.3127022259285
20,error-scale-two-state-non-neg,11,-335.31628364068933
20,retention-scale-two-state-non-neg,11,-316.06320039967096
20,bias-scale-two-state-non-neg,11,-356.3745856079525
20,x-aim-scale-two-state-non-neg,11,-368.9682403723107
20,y-aim-scale-two-state-non-neg,11,-369.07778348075385
20,error-scale-two-state,12,-359.4705384353808
20,retention-scale-two-state,12,-344.32779172798905
20,bias-scale-two-state,12,-373.59811835706205
20,x-aim-scale-two-state,12,-387.6182989708793
20,y-aim-scale-two-state,12,-387.5887395810653
20,error-scale-one-state,12,-120.99890294495867
20,retention-scale-one-state,12,-111.10010024991755
20,bias-scale-one-state,12,-180.83147816699662
20,x-aim-scale-one-state,12,-197.65290618799867
20,y-aim-scale-one-state,12,-197.67172141882173
20,error-scale-two-state-non-neg,12,-341.3308448573288
20,retention-scale-two-state-non-neg,12,-324.2494092561169
20,bias-scale-two-state-non-neg,12,-355.6985602026385
20,x-aim-scale-two-state-non-neg,12,-369.6838405044797
20,y-aim-scale-two-state-non-neg,12,-369.66053254148824
20,error-scale-two-state,13,-339.73949883244615
20,retention-scale-two-state,13,-315.4960423853845
20,bias-scale-two-state,13,-368.2164932456735
20,x-aim-scale-two-state,13,-383.7137556613435
20,y-aim-scale-two-state,13,-383.77086233596197
20,error-scale-one-state,13,-132.7484794345328
20,retention-scale-one-state,13,-123.27122120288865
20,bias-scale-one-state,13,-214.10976928359005
20,x-aim-scale-one-state,13,-230.78242677391012
20,y-aim-scale-one-state,13,-230.81025294039165
20,error-scale-two-state-non-neg,13,-334.61374863898726
20,retention-scale-two-state-non-neg,13,-312.06660131763823
20,bias-scale-two-state-non-neg,13,-360.43451907703275
20,x-aim-scale-two-state-non-neg,13,-378.21916098146085
20,y-aim-scale-two-state-non-neg,13,-378.1187450638471
20,error-scale-two-state,14,-341.7105090876188
20,retention-scale-two-state,14,-320.24319051418036
20,bias-scale-two-state,14,-369.77679540544483
20,x-aim-scale-two-state,14,-376.58122620122276
20,y-aim-scale-two-state,14,-376.77944205013284
20,error-scale-one-state,14,-139.109885535542
20,retention-scale-one-state,14,-132.16158443496278
20,bias-scale-one-state,14,-207.88692653460228
20,x-aim-scale-one-state,14,-224.81162084116954
20,y-aim-scale-one-state,14,-224.79985885831695
20,error-scale-two-state-non-neg,14,-332.5996431605544
20,retention-scale-two-state-non-neg,14,-313.8622802539402
20,bias-scale-two-state-non-neg,14,-358.49526302453563
20,x-aim-scale-two-state-non-neg,14,-367.94995060952317
20,y-aim-scale-two-state-non-neg,14,-367.98107754291266
20,error-scale-two-state,15,-354.83380084969485
20,retention-scale-two-state,15,-339.03892854851375
20,bias-scale-two-state,15,-373.8053748864961
20,x-aim-scale-two-state,15,-385.1559116013792
20,y-aim-scale-two-state,15,-385.1709865550564
20,error-scale-one-state,15,-119.59343049581261
20,retention-scale-one-state,15,-114.72885483191561
20,bias-scale-one-state,15,-186.1237547631125
20,x-aim-scale-one-state,15,-202.9680491608999
20,y-aim-scale-one-state,15,-202.9748483278231
20,error-scale-two-state-non-neg,15,-343.2632930845082
20,retention-scale-two-state-non-neg,15,-329.63301629651846
20,bias-scale-two-state-non-neg,15,-359.3153885570006
20,x-aim-scale-two-state-non-neg,15,-374.2269637581645
20,y-aim-scale-two-state-non-neg,15,-374.31805736563433
20,error-scale-two-state,16,-358.8379928302919
20,retention-scale-two-state,16,-325.9734889140985
20,bias-scale-two-state,16,-372.3675545553545
20,x-aim-scale-two-state,16,-386.3950135989867
20,y-aim-scale-two-state,16,-386.27330855820946
20,error-scale-one-state,16,-122.68530184977519
20,retention-scale-one-state,16,-113.02726242670715
20,bias-scale-one-state,16,-185.1479324512256
20,x-aim-scale-one-state,16,-201.9879160328889
20,y-aim-scale-one-state,16,-202.04196000727012
20,error-scale-two-state-non-neg,16,-350.6298462573698
20,retention-scale-two-state-non-neg,16,-320.62335811563804
20,bias-scale-two-state-non-neg,16,-364.3977055122964
20,x-aim-scale-two-state-non-neg,16,-378.5317457239523
20,y-aim-scale-two-state-non-neg,16,-378.552302191025
20,error-scale-two-state,17,-368.0392004444899
20,retention-scale-two-state,17,-347.4756016797405
20,bias-scale-two-state,17,-398.4831065596733
20,x-aim-scale-two-state,17,-410.69069718466324
20,y-aim-scale-two-state,17,-410.71412414578026
20,error-scale-one-state,17,-127.27757926628402
20,retention-scale-one-state,17,-121.73801529429895
20,bias-scale-one-state,17,-190.5983887750792
20,x-aim-scale-one-state,17,-207.42172071792663
20,y-aim-scale-one-state,17,-207.38655755837812
20,error-scale-two-state-non-neg,17,-352.28437954645545
20,retention-scale-two-state-non-neg,17,-335.2580912777368
20,bias-scale-two-state-non-neg,17,-378.6404368143387
20,x-aim-scale-two-state-non-neg,17,-391.16202744616237
20,y-aim-scale-two-state-non-neg,17,-391.0893063701135
20,error-scale-two-state,18,-352.698309253214
20,retention-scale-two-state,18,-330.1918895669197
20,bias-scale-two-state,18,-381.4110295082714
20,x-aim-scale-two-state,18,-389.0678834933102
20,y-aim-scale-two-state,18,-389.05746234345963
20,error-scale-one-state,18,-119.98585375492604
20,retention-scale-one-state,18,-112.6397030788836
20,bias-scale-one-state,18,-184.1494755454422
20,x-aim-scale-one-state,18,-201.09371239917908
20,y-aim-scale-one-state,18,-201.04591871489697
20,error-scale-two-state-non-neg,18,-332.59377088690326
20,retention-scale-two-state-non-neg,18,-313.6264197748969
20,bias-scale-two-state-non-neg,18,-356.8156160426626
20,x-aim-scale-two-state-non-neg,18,-368.0905974598453
20,y-aim-scale-two-state-non-neg,18,-368.1339922021723
20,error-scale-two-state,19,-333.34474889822087
20,retention-scale-two-state,19,-320.95417778519675
20,bias-scale-two-state,19,-349.3539977700853
20,x-aim-scale-two-state,19,-366.611707077054
20,y-aim-scale-two-state,19,-366.5482857927517
20,error-scale-one-state,19,-132.88899729662418
20,retention-scale-one-state,19,-127.58656826005665
20,bias-scale-one-state,19,-199.96457398896243
20,x-aim-scale-one-state,19,-216.79738354450717
20,y-aim-scale-one-state,19,-216.80255525532726
20,error-scale-two-state-non-neg,19,-330.00986187531004
20,retention-scale-two-state-non-neg,19,-318.15187152913126
20,bias-scale-two-state-non-neg,19,-344.037963077086
20,x-aim-scale-two-state-non-neg,19,-363.06426263505125
20,y-aim-scale-two-state-non-neg,19,-363.03677381495754
20,error-scale-two-state,20,-355.01785530686766
20,retention-scale-two-state,20,-343.3766114333728
20,bias-scale-two-state,20,-385.0683202562836
20,x-aim-scale-two-state,20,-395.5794469182897
20,y-aim-scale-two-state,20,-395.53813021585677
20,error-scale-one-state,20,-127.83524229648725
20,retention-scale-one-state,20,-121.39319381539394
20,bias-scale-one-state,20,-198.16623461133324
20,x-aim-scale-one-state,20,-215.11263819701236
20,y-aim-scale-one-state,20,-215.03141794064146
20,error-scale-two-state-non-neg,20,-346.52647220642393
20,retention-scale-two-state-non-neg,20,-329.89235500269774
20,bias-scale-two-state-non-neg,20,-374.29589819715835
20,x-aim-scale-two-state-non-neg,20,-387.35137810080266
20,y-aim-scale-two-state-non-neg,20,-387.4469514954593
